{
  "name": "RIGLADY",
  "timestamp": 1775672553.8512008,
  "bones": {
    "spine": {
      "rotation": [
        1.0,
        0.0,
        0.0,
        0.0
      ],
      "position": [
        0.0,
        0.18135111594700626,
        -0.04675264456706606
      ],
      "scale": [
        1.0,
        1.0,
        1.0
      ]
    },
    "spine.001": {
      "rotation": [
        1.0,
        0.0,
        0.0,
        0.0
      ],
      "position": [
        0.0,
        0.0,
        0.0
      ],
      "scale": [
        1.0,
        1.0,
        1.0
      ]
    },
    "spine.002": {
      "rotation": [
        1.0,
        0.0,
        0.0,
        0.0
      ],
      "position": [
        0.0,
        0.0,
        0.0
      ],
      "scale": [
        1.0,
        1.0,
        1.0
      ]
    },
    "spine.003": {
      "rotation": [
        0.9997950000673289,
        0.019539520082697426,
        -0.0025898940674143923,
        0.004632218046200145
      ],
      "position": [
        0.0,
        0.0,
        0.0
      ],
      "scale": [
        1.0,
        1.0,
        1.0
      ]
    },
    "spine.004": {
      "rotation": [
        0.9791234345080086,
        -0.20325512373806803,
        0.002157135843460061,
        3.7900091008158244e-05
      ],
      "position": [
        0.0,
        0.0,
        0.0
      ],
      "scale": [
        1.0,
        1.0,
        1.0
      ]
    },
    "spine.005": {
      "rotation": [
        1.0,
        0.0,
        0.0,
        0.0
      ],
      "position": [
        0.0,
        0.0,
        0.0
      ],
      "scale": [
        1.0,
        1.0,
        1.0
      ]
    },
    "spine.006": {
      "rotation": [
        0.985474805987246,
        -0.05158997536452525,
        -0.1617921043574998,
        0.0010936973345111046
      ],
      "position": [
        0.0,
        0.0,
        0.0
      ],
      "scale": [
        1.0,
        1.0,
        1.0
      ]
    },
    "shoulder.L": {
      "rotation": [
        1.0,
        0.0,
        0.0,
        0.0
      ],
      "position": [
        0.0,
        0.0,
        0.0
      ],
      "scale": [
        1.0,
        1.0,
        1.0
      ]
    },
    "upper_arm.L": {
      "rotation": [
        0.5696374241535406,
        0.05596880968841533,
        -0.31342389508169227,
        -0.7577243293821321
      ],
      "position": [
        0.0,
        0.0,
        0.0
      ],
      "scale": [
        1.0,
        1.0,
        1.0
      ]
    },
    "forearm.L": {
      "rotation": [
        0.9837294690040784,
        0.15796418076436838,
        -0.07413939285482883,
        0.042743418622206236
      ],
      "position": [
        0.0,
        0.0,
        0.0
      ],
      "scale": [
        1.0,
        1.0,
        1.0
      ]
    },
    "hand.L": {
      "rotation": [
        1.0,
        0.0,
        0.0,
        0.0
      ],
      "position": [
        0.0,
        0.0,
        0.0
      ],
      "scale": [
        1.0,
        1.0,
        1.0
      ]
    },
    "thumb.01.L": {
      "rotation": [
        1.0,
        0.0,
        0.0,
        0.0
      ],
      "position": [
        0.0,
        0.0,
        0.0
      ],
      "scale": [
        1.0,
        1.0,
        1.0
      ]
    },
    "thumb.02.L": {
      "rotation": [
        0.9689805647258102,
        0.1460509725009911,
        -0.02564160233690509,
        -0.197707579128269
      ],
      "position": [
        0.0,
        0.0,
        0.0
      ],
      "scale": [
        1.0,
        1.0,
        1.0
      ]
    },
    "thumb.03.L": {
      "rotation": [
        1.0,
        0.0,
        0.0,
        0.0
      ],
      "position": [
        0.0,
        0.0,
        0.0
      ],
      "scale": [
        1.0,
        1.0,
        1.0
      ]
    },
    "palm.04.L": {
      "rotation": [
        1.0,
        0.0,
        0.0,
        0.0
      ],
      "position": [
        0.0,
        0.0,
        0.0
      ],
      "scale": [
        1.0,
        1.0,
        1.0
      ]
    },
    "f_pinky.01.L": {
      "rotation": [
        0.7012494888399096,
        0.6343735548961048,
        -0.22393172382001558,
        -0.23595323756465106
      ],
      "position": [
        0.0,
        0.0,
        0.0
      ],
      "scale": [
        1.0,
        1.0,
        1.0
      ]
    },
    "f_pinky.02.L": {
      "rotation": [
        0.6985181992986709,
        0.6166867888614183,
        0.012805646342937684,
        -0.36277506131771864
      ],
      "position": [
        0.0,
        0.0,
        0.0
      ],
      "scale": [
        1.0,
        1.0,
        1.0
      ]
    },
    "f_pinky.03.L": {
      "rotation": [
        0.9976129788385735,
        -0.010051373536299618,
        0.022816290345711213,
        -0.06439511812025815
      ],
      "position": [
        0.0,
        0.0,
        0.0
      ],
      "scale": [
        1.0,
        1.0,
        1.0
      ]
    },
    "palm.04.L.001": {
      "rotation": [
        1.0,
        0.0,
        0.0,
        0.0
      ],
      "position": [
        0.0,
        0.0,
        0.0
      ],
      "scale": [
        1.0,
        1.0,
        1.0
      ]
    },
    "f_pinky.01.L.001": {
      "rotation": [
        0.6679456391060408,
        0.6427887681010443,
        -0.2534381737591659,
        -0.27647841666933703
      ],
      "position": [
        0.0,
        0.0,
        0.0
      ],
      "scale": [
        1.0,
        1.0,
        1.0
      ]
    },
    "f_pinky.02.L.001": {
      "rotation": [
        0.6578380945324717,
        0.40934978170088215,
        -0.2278696974689248,
        -0.5897094187638076
      ],
      "position": [
        0.0,
        0.0,
        0.0
      ],
      "scale": [
        1.0,
        1.0,
        1.0
      ]
    },
    "f_pinky.03.L.001": {
      "rotation": [
        1.0,
        0.0,
        0.0,
        0.0
      ],
      "position": [
        0.0,
        0.0,
        0.0
      ],
      "scale": [
        1.0,
        1.0,
        1.0
      ]
    },
    "palm.04.L.002": {
      "rotation": [
        1.0,
        0.0,
        0.0,
        0.0
      ],
      "position": [
        0.0,
        0.0,
        0.0
      ],
      "scale": [
        1.0,
        1.0,
        1.0
      ]
    },
    "f_pinky.01.L.002": {
      "rotation": [
        0.6906478815767346,
        0.5928123121206602,
        -0.3084716415399678,
        -0.2764494757408005
      ],
      "position": [
        0.0,
        0.0,
        0.0
      ],
      "scale": [
        1.0,
        1.0,
        1.0
      ]
    },
    "f_pinky.02.L.002": {
      "rotation": [
        0.20657142354823116,
        0.7107098499824507,
        0.6681708570641631,
        0.07594380739284552
      ],
      "position": [
        0.0,
        0.0,
        0.0
      ],
      "scale": [
        1.0,
        1.0,
        1.0
      ]
    },
    "f_pinky.03.L.002": {
      "rotation": [
        1.0,
        0.0,
        0.0,
        0.0
      ],
      "position": [
        0.0,
        0.0,
        0.0
      ],
      "scale": [
        1.0,
        1.0,
        1.0
      ]
    },
    "palm.04.L.003": {
      "rotation": [
        1.0,
        0.0,
        0.0,
        0.0
      ],
      "position": [
        0.0,
        0.0,
        0.0
      ],
      "scale": [
        1.0,
        1.0,
        1.0
      ]
    },
    "f_pinky.01.L.003": {
      "rotation": [
        0.991901548446396,
        -0.09213317636836472,
        0.07611770785800523,
        -0.04299872733420491
      ],
      "position": [
        0.0,
        0.0,
        0.0
      ],
      "scale": [
        1.0,
        1.0,
        1.0
      ]
    },
    "f_pinky.02.L.003": {
      "rotation": [
        1.0,
        0.0,
        0.0,
        0.0
      ],
      "position": [
        0.0,
        0.0,
        0.0
      ],
      "scale": [
        1.0,
        1.0,
        1.0
      ]
    },